"Qubit","T1 (us)","T2 (us)","Readout assignment error ","Prob meas0 prep1 ","Prob meas1 prep0 ","Readout length (ns)","ID error ","RX error ","Z-axis rotation (rz) error ","âˆšx (sx) error ","Pauli-X error ","CZ error ","RZZ error ","Gate time (ns)","Operational"
"0","216.0279555293615","193.07299233888756","0.033935546875","0.0322265625","0.03564453125","2600","0.00019212369723090484","0.00019212369723090484","0","0.00019212369723090484","0.00019212369723090484","0_1:0.0025951577982137874","0_1:0.0014714982253970221","0_1:68","true"
"1","243.2006086324176","408.0263227017342","0.269287109375","0.53515625","0.00341796875","2600","0.0002146951781118115","0.0002146951781118115","0","0.0002146951781118115","0.0002146951781118115","1_2:0.002086063135128269;1_0:0.0025951577982137874","1_2:1;1_0:0.0014714982253970221","1_2:68;1_0:68","true"
"2","275.4670017439484","82.32882947358068","0.025634765625","0.029296875","0.02197265625","2600","1","1","0","1","1","2_1:0.002086063135128269;2_3:0.0024185865154794373","2_1:1;2_3:0.0021489399282607624","2_1:68;2_3:68","true"
"3","154.69292364101352","66.52688225564111","0.0654296875","0.01611328125","0.11474609375","2600","0.00015891763919011093","0.00015891763919011093","0","0.00015891763919011093","0.00015891763919011093","3_16:0.0026951538495673666;3_2:0.0024185865154794373;3_4:0.002528591268125324","3_16:0.002909693503662769;3_2:0.0021489399282607624;3_4:0.0026410617019535787","3_16:68;3_2:68;3_4:68","true"
"4","211.13411612661565","180.86030064025664","0.006591796875","0.0107421875","0.00244140625","2600","0.00022568310535369044","0.00022568310535369044","0","0.00022568310535369044","0.00022568310535369044","4_3:0.002528591268125324;4_5:0.002320421292532404","4_3:0.0026410617019535787;4_5:0.0033903993372131624","4_3:68;4_5:68","true"
"5","201.58714761153564","206.3294682182563","0.003662109375","0.0048828125","0.00244140625","2600","0.00016907027753404594","0.00016907027753404594","0","0.00016907027753404594","0.00016907027753404594","5_6:0.002315051914205668;5_4:0.002320421292532404","5_6:1;5_4:0.0033903993372131624","5_6:68;5_4:68","true"
"6","331.3841237761729","303.1129963183669","0.005126953125","0.005859375","0.00439453125","2600","0.00017625750601292313","0.00017625750601292313","0","0.00017625750601292313","0.00017625750601292313","6_5:0.002315051914205668;6_7:0.0024400554376259875","6_5:1;6_7:0.003716188572009921","6_5:68;6_7:68","true"
"7","291.62860746179297","192.26095706446853","0.02294921875","0.01806640625","0.02783203125","2600","0.00011347619480146387","0.00011347619480146387","0","0.00011347619480146387","0.00011347619480146387","7_17:0.002192757890577879;7_6:0.0024400554376259875;7_8:0.002838460551668809","7_17:0.003889287973641825;7_6:0.003716188572009921;7_8:0.0031595744449134655","7_17:68;7_6:68;7_8:68","true"
"8","235.7306354851183","249.68971009995946","0.003173828125","0.005859375","0.00048828125","2600","0.00019406368655205635","0.00019406368655205635","0","0.00019406368655205635","0.00019406368655205635","8_9:0.001973584167329012;8_7:0.002838460551668809","8_9:1;8_7:0.0031595744449134655","8_9:68;8_7:68","true"
"9","402.14512571557754","444.87355771539603","0.002685546875","0.0048828125","0.00048828125","2600","0.00009381246891126962","0.00009381246891126962","0","0.00009381246891126962","0.00009381246891126962","9_8:0.001973584167329012;9_10:0.01484923161108731","9_8:1;9_10:1","9_8:68;9_10:68","true"
"10","175.93313608198184","208.7337310896641","0.01806640625","0.0224609375","0.013671875","2600","0.003675864477469962","0.003675864477469962","0","0.003675864477469962","0.003675864477469962","10_9:0.01484923161108731;10_11:0.09022408650013419","10_9:1;10_11:1","10_9:68;10_11:68","true"
"11","234.23745734691937","38.38917336461361","0.0029296875","0.00537109375","0.00048828125","2600","0.00011734778085940891","0.00011734778085940891","0","0.00011734778085940891","0.00011734778085940891","11_18:0.0019896857028252612;11_10:0.09022408650013419;11_12:0.0015064969490722335","11_18:0.002147527742905081;11_10:1;11_12:0.0024891405062177907","11_18:68;11_10:68;11_12:68","true"
"12","354.9825857558645","277.70508131122006","0.00390625","0.005859375","0.001953125","2600","0.00016269498700479255","0.00016269498700479255","0","0.00016269498700479255","0.00016269498700479255","12_13:0.0015951866199667708;12_11:0.0015064969490722335","12_13:1;12_11:0.0024891405062177907","12_13:68;12_11:68","true"
"13","351.26093171437657","206.12633091874065","0.010009765625","0.0185546875","0.00146484375","2600","0.00037340977420223347","0.00037340977420223347","0","0.00037340977420223347","0.00037340977420223347","13_12:0.0015951866199667708;13_14:0.0019024882854560277","13_12:1;13_14:1","13_12:68;13_14:68","true"
"14","310.0451497106663","263.1843545032792","0.003662109375","0.005859375","0.00146484375","2600","0.00018051007872845596","0.00018051007872845596","0","0.00018051007872845596","0.00018051007872845596","14_15:0.0014739124225257583;14_13:0.0019024882854560277","14_15:0.0025907756854288977;14_13:1","14_15:68;14_13:68","true"
"15","217.05376711149088","244.78642612773865","0.00390625","0.0068359375","0.0009765625","2600","0.00010379047475245732","0.00010379047475245732","0","0.00010379047475245732","0.00010379047475245732","15_14:0.0014739124225257583;15_19:0.0029878165807532553","15_14:0.0025907756854288977;15_19:0.0045193465433411295","15_14:68;15_19:68","true"
"16","219.67874656743382","111.38795261793464","0.00634765625","0.0078125","0.0048828125","2600","0.00021633820573746542","0.00021633820573746542","0","0.00021633820573746542","0.00021633820573746542","16_23:0.002598595057404618;16_3:0.0026951538495673666","16_23:0.0017381086222058306;16_3:0.002909693503662769","16_23:68;16_3:68","true"
"17","238.90388394858755","142.89389420276692","0.00732421875","0.01025390625","0.00439453125","2600","0.0003212408235662852","0.0003212408235662852","0","0.0003212408235662852","0.0003212408235662852","17_7:0.002192757890577879;17_27:0.0021842113488492187","17_7:0.003889287973641825;17_27:0.004727967953576412","17_7:68;17_27:68","true"
"18","153.85579963688676","227.37919908010446","0.006103515625","0.01171875","0.00048828125","2600","0.00014277190876576206","0.00014277190876576206","0","0.00014277190876576206","0.00014277190876576206","18_11:0.0019896857028252612;18_31:0.0015132938235506987","18_11:0.002147527742905081;18_31:0.0016798021848334621","18_11:68;18_31:68","true"
"19","277.0548161051463","209.06720783887934","0.006103515625","0.01025390625","0.001953125","2600","0.00013098812090035715","0.00013098812090035715","0","0.00013098812090035715","0.00013098812090035715","19_35:0.009653129738697364;19_15:0.0029878165807532553","19_35:1;19_15:0.0045193465433411295","19_35:96;19_15:68","true"
"20","230.63317904448127","219.59068431293187","0.003173828125","0.00634765625","0","2600","0.00008543568123027447","0.00008543568123027447","0","0.00008543568123027447","0.00008543568123027447","20_21:0.0013952570628875116","20_21:1","20_21:68","true"
"21","322.2645209805396","258.0826630984928","0.010009765625","0.01611328125","0.00390625","2600","0.00014501095259631132","0.00014501095259631132","0","0.00014501095259631132","0.00014501095259631132","21_36:0.0021005376772886275;21_20:0.0013952570628875116;21_22:0.0018002809955919297","21_36:0.002572373181802562;21_20:1;21_22:1","21_36:68;21_20:68;21_22:68","true"
"22","94.01562899723719","105.34792817323704","0.00341796875","0.00634765625","0.00048828125","2600","0.00021906164579068254","0.00021906164579068254","0","0.00021906164579068254","0.00021906164579068254","22_23:0.0025880057190033057;22_21:0.0018002809955919297","22_23:0.003533125150824462;22_21:1","22_23:68;22_21:68","true"
"23","328.995168608326","279.98379225072523","0.033935546875","0.04296875","0.02490234375","2600","0.00018171810672973154","0.00018171810672973154","0","0.00018171810672973154","0.00018171810672973154","23_22:0.0025880057190033057;23_24:0.0020131054795183845;23_16:0.002598595057404618","23_22:0.003533125150824462;23_24:0.002207806750453817;23_16:0.0017381086222058306","23_22:68;23_24:68;23_16:68","true"
"24","298.02226206572595","154.43147300591136","0.00634765625","0.0068359375","0.005859375","2600","0.00010125844410528208","0.00010125844410528208","0","0.00010125844410528208","0.00010125844410528208","24_23:0.0020131054795183845;24_25:0.0016661549642820739","24_23:0.002207806750453817;24_25:1","24_23:68;24_25:68","true"
"25","198.19106677545884","171.75989513957418","0.01123046875","0.01171875","0.0107421875","2600","0.00018727129878786235","0.00018727129878786235","0","0.00018727129878786235","0.00018727129878786235","25_24:0.0016661549642820739;25_26:0.009608978026338422;25_37:0.002349849835350193","25_24:1;25_26:1;25_37:0.0018311997197168195","25_24:68;25_26:80;25_37:68","true"
"26","212.15581569048126","202.8984894798612","0.00732421875","0.01171875","0.0029296875","2600","0.00025620208309656253","0.00025620208309656253","0","0.00025620208309656253","0.00025620208309656253","26_25:0.009608978026338422;26_27:0.001987655093991847","26_25:1;26_27:1","26_25:80;26_27:68","true"
"27","370.8786925082392","203.5009476044351","0.00341796875","0.0048828125","0.001953125","2600","0.00010474984817132798","0.00010474984817132798","0","0.00010474984817132798","0.00010474984817132798","27_26:0.001987655093991847;27_28:0.002502920652975138;27_17:0.0021842113488492187","27_26:1;27_28:0.004827685937927428;27_17:0.004727967953576412","27_26:68;27_28:68;27_17:68","true"
"28","148.79840248361347","74.0964214830553","0.010009765625","0.01220703125","0.0078125","2600","0.00018410399697962738","0.00018410399697962738","0","0.00018410399697962738","0.00018410399697962738","28_27:0.002502920652975138;28_29:0.002060527098899645","28_27:0.004827685937927428;28_29:0.003993781977961575","28_27:68;28_29:68","true"
"29","222.45712668852582","18.267564407788228","0.005126953125","0.00830078125","0.001953125","2600","0.00015426910756881216","0.00015426910756881216","0","0.00015426910756881216","0.00015426910756881216","29_38:0.001955518813321344;29_28:0.002060527098899645;29_30:0.0031284783438481623","29_38:0.0026752050782749004;29_28:0.003993781977961575;29_30:0.00297994710933569","29_38:68;29_28:68;29_30:68","true"
"30","139.17408992425834","158.07942851650236","0.0078125","0.0126953125","0.0029296875","2600","0.00022369567046706177","0.00022369567046706177","0","0.00022369567046706177","0.00022369567046706177","30_31:0.0029909044273851437;30_29:0.0031284783438481623","30_31:1;30_29:0.00297994710933569","30_31:68;30_29:68","true"
"31","338.9283202079166","177.02367637364046","0.0009765625","0.0009765625","0.0009765625","2600","0.00006758770192989358","0.00006758770192989358","0","0.00006758770192989358","0.00006758770192989358","31_30:0.0029909044273851437;31_32:0.002322829903541934;31_18:0.0015132938235506987","31_30:1;31_32:0.0027567571771452137;31_18:0.0016798021848334621","31_30:68;31_32:68;31_18:68","true"
"32","178.65422506071334","195.16869568098735","0.005859375","0.01123046875","0.00048828125","2600","0.00022799878195867547","0.00022799878195867547","0","0.00022799878195867547","0.00022799878195867547","32_31:0.002322829903541934;32_33:0.002253198599765527","32_31:0.0027567571771452137;32_33:0.0026720870963954924","32_31:68;32_33:68","true"
"33","275.7222061283073","199.50547687126593","0.002685546875","0.00439453125","0.0009765625","2600","0.00014990297742349348","0.00014990297742349348","0","0.00014990297742349348","0.00014990297742349348","33_39:0.0027473088632682385;33_32:0.002253198599765527;33_34:0.001743930981621955","33_39:0.004082997553667339;33_32:0.0026720870963954924;33_34:0.0016786186037872908","33_39:68;33_32:68;33_34:68","true"
"34","204.66285757814885","213.75104066879817","0.00927734375","0.01123046875","0.00732421875","2600","0.00010545680411879641","0.00010545680411879641","0","0.00010545680411879641","0.00010545680411879641","34_33:0.001743930981621955;34_35:0.001608175336487716","34_33:0.0016786186037872908;34_35:1","34_33:68;34_35:68","true"
"35","424.1494005247062","393.825453187045","0.0048828125","0.00732421875","0.00244140625","2600","0.00008493297694365093","0.00008493297694365093","0","0.00008493297694365093","0.00008493297694365093","35_19:0.009653129738697364;35_34:0.001608175336487716","35_19:1;35_34:1","35_19:96;35_34:68","true"
"36","111.01921962131925","145.18941501961308","0.009765625","0.01416015625","0.00537109375","2600","0.00019237582170177696","0.00019237582170177696","0","0.00019237582170177696","0.00019237582170177696","36_41:0.0021870256035537716;36_21:0.0021005376772886275","36_41:0.0039404633959564395;36_21:0.002572373181802562","36_41:68;36_21:68","true"
"37","215.4959614598732","278.982015648152","0.023681640625","0.02392578125","0.0234375","2600","0.00018361575632446381","0.00018361575632446381","0","0.00018361575632446381","0.00018361575632446381","37_45:0.002717780778099421;37_25:0.002349849835350193","37_45:0.002458180648495595;37_25:0.0018311997197168195","37_45:68;37_25:68","true"
"38","124.02370593950332","60.294111824804126","0.00732421875","0.0087890625","0.005859375","2600","0.00020491283220014787","0.00020491283220014787","0","0.00020491283220014787","0.00020491283220014787","38_29:0.001955518813321344;38_49:0.0025524062401325875","38_29:0.0026752050782749004;38_49:0.0021330878002765175","38_29:68;38_49:68","true"
"39","112.72732196910596","125.37068812273915","0.009521484375","0.0166015625","0.00244140625","2600","0.00019228270404009364","0.00019228270404009364","0","0.00019228270404009364","0.00019228270404009364","39_53:0.001738787317830559;39_33:0.0027473088632682385","39_53:0.002608437190519952;39_33:0.004082997553667339","39_53:68;39_33:68","true"
"40","159.73616006947896","107.93034678236414","0.08837890625","0.072265625","0.1044921875","2600","0.00019503864508405074","0.00019503864508405074","0","0.00019503864508405074","0.00019503864508405074","40_41:0.002003797213720626","40_41:0.002769908309662089","40_41:68","true"
"41","141.35771081237152","33.4152764419749","0.0048828125","0.00830078125","0.00146484375","2600","0.00023151534186603527","0.00023151534186603527","0","0.00023151534186603527","0.00023151534186603527","41_40:0.002003797213720626;41_42:0.002695709560824655;41_36:0.0021870256035537716","41_40:0.002769908309662089;41_42:0.0031170603490816573;41_36:0.0039404633959564395","41_40:68;41_42:68;41_36:68","true"
"42","128.8091103958704","61.156191034983316","0.089111328125","0.05615234375","0.1220703125","2600","0.0002509753478069213","0.0002509753478069213","0","0.0002509753478069213","0.0002509753478069213","42_41:0.002695709560824655;42_43:0.004136515659127871","42_41:0.0031170603490816573;42_43:0.0024293755427569896","42_41:68;42_43:68","true"
"43","248.69488159970294","208.65389261193602","0.01171875","0.0107421875","0.0126953125","2600","0.00017737335437306503","0.00017737335437306503","0","0.00017737335437306503","0.00017737335437306503","43_42:0.004136515659127871;43_56:0.0020583918699288994;43_44:0.003224190107344871","43_42:0.0024293755427569896;43_56:0.0032539168462183687;43_44:1","43_42:68;43_56:68;43_44:68","true"
"44","312.1959944814874","93.729397567553","0.017822265625","0.017578125","0.01806640625","2600","0.0001072526382162411","0.0001072526382162411","0","0.0001072526382162411","0.0001072526382162411","44_45:0.0017006961067218551;44_43:0.003224190107344871","44_45:1;44_43:1","44_45:68;44_43:68","true"
"45","361.7103433509426","424.67191448005667","0.00634765625","0.01171875","0.0009765625","2600","0.0002982060683648265","0.0002982060683648265","0","0.0002982060683648265","0.0002982060683648265","45_44:0.0017006961067218551;45_46:0.0018977094852895005;45_37:0.002717780778099421","45_44:1;45_46:0.0013441644684978604;45_37:0.002458180648495595","45_44:68;45_46:68;45_37:68","true"
"46","271.7722481690835","72.2432020151736","0.0146484375","0.02490234375","0.00439453125","2600","0.0002206302375064521","0.0002206302375064521","0","0.0002206302375064521","0.0002206302375064521","46_45:0.0018977094852895005;46_47:0.0027393463645790095","46_45:0.0013441644684978604;46_47:0.0017734973315084168","46_45:68;46_47:68","true"
"47","340.9084350147064","227.50958029274457","0.002197265625","0.00390625","0.00048828125","2600","0.0002439866344813223","0.0002439866344813223","0","0.0002439866344813223","0.0002439866344813223","47_48:0.002666137589798112;47_57:0.005502096729984085;47_46:0.0027393463645790095","47_48:0.002754981830251607;47_57:1;47_46:0.0017734973315084168","47_48:68;47_57:68;47_46:68","true"
"48","257.85404494158536","151.2662333910533","0.0224609375","0.02490234375","0.02001953125","2600","0.0001656225317145906","0.0001656225317145906","0","0.0001656225317145906","0.0001656225317145906","48_47:0.002666137589798112;48_49:0.001605614957168322","48_47:0.002754981830251607;48_49:0.0027949449309054297","48_47:68;48_49:68","true"
"49","218.2308948963507","119.90421972230635","0.004150390625","0.0078125","0.00048828125","2600","0.00017264861202042047","0.00017264861202042047","0","0.00017264861202042047","0.00017264861202042047","49_48:0.001605614957168322;49_50:0.006661935749096681;49_38:0.0025524062401325875","49_48:0.0027949449309054297;49_50:1;49_38:0.0021330878002765175","49_48:68;49_50:68;49_38:68","true"
"50","334.1795007454992","520.9439576431281","0.022705078125","0.04345703125","0.001953125","2600","0.00018119855773458056","0.00018119855773458056","0","0.00018119855773458056","0.00018119855773458056","50_49:0.006661935749096681;50_51:0.006535037175745717","50_49:1;50_51:1","50_49:68;50_51:68","true"
"51","295.28750122919325","178.14224485312766","0.00390625","0.005859375","0.001953125","2600","0.00010092161083253076","0.00010092161083253076","0","0.00010092161083253076","0.00010092161083253076","51_50:0.006535037175745717;51_52:0.0021957660526437106;51_58:0.04477642890557593","51_50:1;51_52:0.0019034303999991842;51_58:0.024504338418862515","51_50:68;51_52:68;51_58:68","true"
"52","189.5127683169759","233.66144420068898","0.00439453125","0.0068359375","0.001953125","2600","0.0001616271870519176","0.0001616271870519176","0","0.0001616271870519176","0.0001616271870519176","52_51:0.0021957660526437106;52_53:0.0019064129118069317","52_51:0.0019034303999991842;52_53:0.0015328556695358986","52_51:68;52_53:68","true"
"53","108.93590760089224","95.12009801794461","0.009033203125","0.01513671875","0.0029296875","2600","0.00007869150956581197","0.00007869150956581197","0","0.00007869150956581197","0.00007869150956581197","53_39:0.001738787317830559;53_52:0.0019064129118069317;53_54:0.0019675386411164286","53_39:0.002608437190519952;53_52:0.0015328556695358986;53_54:0.003326474574945476","53_39:68;53_52:68;53_54:68","true"
"54","176.47410371065183","154.8366287815493","0.0185546875","0.017578125","0.01953125","2600","0.00032510831249765726","0.00032510831249765726","0","0.00032510831249765726","0.00032510831249765726","54_53:0.0019675386411164286;54_55:0.0024971527737977506","54_53:0.003326474574945476;54_55:1","54_53:68;54_55:68","true"
"55","141.2907965059963","78.08108256745868","0.017822265625","0.01806640625","0.017578125","2600","0.00017176682015304065","0.00017176682015304065","0","0.00017176682015304065","0.00017176682015304065","55_59:0.0029443878683987346;55_54:0.0024971527737977506","55_59:0.002071078367904239;55_54:1","55_59:68;55_54:68","true"
"56","169.9810716888747","228.90071249356603","0.003173828125","0.00634765625","0","2600","0.00010896566113486183","0.00010896566113486183","0","0.00010896566113486183","0.00010896566113486183","56_63:0.0021091058891298253;56_43:0.0020583918699288994","56_63:0.0028057598976220788;56_43:0.0032539168462183687","56_63:80;56_43:68","true"
"57","247.3480565975663","314.4580616032388","0.0029296875","0.0048828125","0.0009765625","2600","0.0001982736158499487","0.0001982736158499487","0","0.0001982736158499487","0.0001982736158499487","57_47:0.005502096729984085;57_67:0.0074270444559885185","57_47:1;57_67:0.003137657013576961","57_47:68;57_67:100","true"
"58","94.69521934740848","101.64426074735094","0.0712890625","0.10791015625","0.03466796875","2600","0.013101147988127669","0.013101147988127669","0","0.013101147988127669","0.013101147988127669","58_71:0.03479030125973509;58_51:0.04477642890557593","58_71:0.02199631803127461;58_51:0.024504338418862515","58_71:68;58_51:68","true"
"59","230.2223206349429","67.59422684219149","0.04150390625","0.02783203125","0.05517578125","2600","0.0003576788370846206","0.0003576788370846206","0","0.0003576788370846206","0.0003576788370846206","59_55:0.0029443878683987346;59_75:0.0024507304065017332","59_55:0.002071078367904239;59_75:0.00218268339892555","59_55:68;59_75:68","true"
"60","149.88813289248492","102.13342266086846","0.015869140625","0.0185546875","0.01318359375","2600","0.00017424164447806158","0.00017424164447806158","0","0.00017424164447806158","0.00017424164447806158","60_61:0.001953447672351727","60_61:0.001762425165824505","60_61:68","true"
"61","271.5864757247119","303.11210339056294","0.00439453125","0.00830078125","0.00048828125","2600","0.00009457729421484105","0.00009457729421484105","0","0.00009457729421484105","0.00009457729421484105","61_76:0.00397962599067081;61_60:0.001953447672351727;61_62:0.0018451194833290496","61_76:0.004687858917167637;61_60:0.001762425165824505;61_62:1","61_76:68;61_60:68;61_62:68","true"
"62","128.70892402250843","117.93207074525742","0.00634765625","0.01171875","0.0009765625","2600","0.00017950216492322474","0.00017950216492322474","0","0.00017950216492322474","0.00017950216492322474","62_61:0.0018451194833290496;62_63:0.002031103390032485","62_61:1;62_63:0.0025173617606437937","62_61:68;62_63:68","true"
"63","272.0525991984938","222.18341283634808","0.004150390625","0.00537109375","0.0029296875","2600","0.0001226399739251568","0.0001226399739251568","0","0.0001226399739251568","0.0001226399739251568","63_56:0.0021091058891298253;63_62:0.002031103390032485;63_64:0.002141181888268784","63_56:0.0028057598976220788;63_62:0.0025173617606437937;63_64:0.0017921876365270262","63_56:80;63_62:68;63_64:68","true"
"64","189.3683449958238","193.6625971732983","0.001953125","0.00341796875","0.00048828125","2600","0.0001472942915692702","0.0001472942915692702","0","0.0001472942915692702","0.0001472942915692702","64_65:0.0017980339841392468;64_63:0.002141181888268784","64_65:0.0022047533434057243;64_63:0.0017921876365270262","64_65:68;64_63:68","true"
"65","162.41737305481053","152.5694112893559","0.04345703125","0.03759765625","0.04931640625","2600","0.00012932718919820825","0.00012932718919820825","0","0.00012932718919820825","0.00012932718919820825","65_64:0.0017980339841392468;65_66:0.00232663679951034;65_77:0.002025376964541581","65_64:0.0022047533434057243;65_66:0.0029302941554439355;65_77:1","65_64:68;65_66:68;65_77:68","true"
"66","129.99649244476433","127.32294780270297","0.00927734375","0.01220703125","0.00634765625","2600","0.0004095687760956256","0.0004095687760956256","0","0.0004095687760956256","0.0004095687760956256","66_65:0.00232663679951034;66_67:0.006227616296088867","66_65:0.0029302941554439355;66_67:0.0033602669556223874","66_65:68;66_67:68","true"
"67","228.47808920362888","277.3412563920902","0.0078125","0.01025390625","0.00537109375","2600","0.00014176071331736988","0.00014176071331736988","0","0.00014176071331736988","0.00014176071331736988","67_68:0.013170843416918154;67_57:0.0074270444559885185;67_66:0.006227616296088867","67_68:0.004298852019234828;67_57:0.003137657013576961;67_66:0.0033602669556223874","67_68:68;67_57:100;67_66:68","true"
"68","166.2183088999813","142.48995443063953","0.0302734375","0.0244140625","0.0361328125","2600","0.0003995411508515484","0.0003995411508515484","0","0.0003995411508515484","0.0003995411508515484","68_67:0.013170843416918154;68_69:0.00455899460708975","68_67:0.004298852019234828;68_69:0.0023717171715766094","68_67:68;68_69:68","true"
"69","123.6269055644293","181.73677088996564","0.005126953125","0.01025390625","0","2600","0.00019292496356848067","0.00019292496356848067","0","0.00019292496356848067","0.00019292496356848067","69_78:0.0023972321979857103;69_68:0.00455899460708975;69_70:0.0031202654150387366","69_78:0.0023223664154385093;69_68:0.0023717171715766094;69_70:1","69_78:68;69_68:68;69_70:68","true"
"70","144.4706595029329","73.70784707659132","0.004150390625","0.00830078125","0","2600","0.0002807737485253974","0.0002807737485253974","0","0.0002807737485253974","0.0002807737485253974","70_69:0.0031202654150387366;70_71:0.031027456140461207","70_69:1;70_71:0.24993102659818103","70_69:68;70_71:88","true"
"71","227.6924194975429","170.33678375741795","0.00390625","0.0068359375","0.0009765625","2600","0.00038686796190657544","0.00038686796190657544","0","0.00038686796190657544","0.00038686796190657544","71_72:0.005236823912183386;71_58:0.03479030125973509;71_70:0.031027456140461207","71_72:0.007534210010413933;71_58:0.02199631803127461;71_70:0.24993102659818103","71_72:68;71_58:68;71_70:88","true"
"72","321.7060617535118","424.951742945543","0.021240234375","0.02294921875","0.01953125","2600","0.0002659826377756266","0.0002659826377756266","0","0.0002659826377756266","0.0002659826377756266","72_73:0.02265829035279704;72_71:0.005236823912183386","72_73:0.24982198445022366;72_71:0.007534210010413933","72_73:80;72_71:68","true"
"73","281.5430403384944","237.62651567962627","0.066650390625","0.05322265625","0.080078125","2600","0.00007737683877089486","0.00007737683877089486","0","0.00007737683877089486","0.00007737683877089486","73_72:0.02265829035279704;73_74:0.001950988190089653;73_79:0.0018771367494790359","73_72:0.24982198445022366;73_74:1;73_79:0.0027064323686803726","73_72:80;73_74:68;73_79:68","true"
"74","320.63807240937143","249.1717729448092","0.026611328125","0.0361328125","0.01708984375","2600","0.000266490667158265","0.000266490667158265","0","0.000266490667158265","0.000266490667158265","74_73:0.001950988190089653;74_75:0.01000725663728591","74_73:1;74_75:0.0069650148846446824","74_73:68;74_75:76","true"
"75","340.9685753315181","340.9541973085958","0.02197265625","0.0234375","0.0205078125","2600","0.0002134436998659936","0.0002134436998659936","0","0.0002134436998659936","0.0002134436998659936","75_59:0.0024507304065017332;75_74:0.01000725663728591","75_59:0.00218268339892555;75_74:0.0069650148846446824","75_59:68;75_74:76","true"
"76","23.423637838141637","41.804663097580445","0.019287109375","0.03173828125","0.0068359375","2600","0.00046742638963556275","0.00046742638963556275","0","0.00046742638963556275","0.00046742638963556275","76_81:0.004744683252945137;76_61:0.00397962599067081","76_81:0.006219882313949515;76_61:0.004687858917167637","76_81:68;76_61:68","true"
"77","90.30991140891273","72.71611037105663","0.067138671875","0.06396484375","0.0703125","2600","0.00015228341090417494","0.00015228341090417494","0","0.00015228341090417494","0.00015228341090417494","77_85:0.005071784689435033;77_65:0.002025376964541581","77_85:0.0033119464195756065;77_65:1","77_85:68;77_65:68","true"
"78","231.99965309308106","228.48737249587495","0.00537109375","0.00927734375","0.00146484375","2600","0.0002077206406578379","0.0002077206406578379","0","0.0002077206406578379","0.0002077206406578379","78_69:0.0023972321979857103;78_89:0.0018388401129904586","78_69:0.0023223664154385093;78_89:0.0023463370746070744","78_69:68;78_89:68","true"
"79","200.58346114753158","352.3525451116975","0.013916015625","0.01904296875","0.0087890625","2600","0.00014089314048685962","0.00014089314048685962","0","0.00014089314048685962","0.00014089314048685962","79_93:0.0018675372147778924;79_73:0.0018771367494790359","79_93:0.0033881216934050773;79_73:0.0027064323686803726","79_93:68;79_73:68","true"
"80","175.6103309598764","129.95031296445916","0.004638671875","0.0068359375","0.00244140625","2600","0.0001931923662049137","0.0001931923662049137","0","0.0001931923662049137","0.0001931923662049137","80_81:0.0027608582711087237","80_81:0.002582538379659105","80_81:68","true"
"81","168.64077076608396","135.34108926769457","0.00390625","0.00732421875","0.00048828125","2600","0.000525907753187137","0.000525907753187137","0","0.000525907753187137","0.000525907753187137","81_80:0.0027608582711087237;81_82:0.0031037307703786765;81_76:0.004744683252945137","81_80:0.002582538379659105;81_82:0.002373848987574312;81_76:0.006219882313949515","81_80:68;81_82:68;81_76:68","true"
"82","134.6534038647297","162.29319511948356","0.00390625","0.00634765625","0.00146484375","2600","0.0002964022702376646","0.0002964022702376646","0","0.0002964022702376646","0.0002964022702376646","82_81:0.0031037307703786765;82_83:0.002957224295176031","82_81:0.002373848987574312;82_83:1","82_81:68;82_83:68","true"
"83","322.6951195160856","285.9996302110513","0.01171875","0.01025390625","0.01318359375","2600","0.0001300134868817447","0.0001300134868817447","0","0.0001300134868817447","0.0001300134868817447","83_96:0.0029255312266350253;83_82:0.002957224295176031;83_84:0.0022184219862519394","83_96:1;83_82:1;83_84:0.003100510240854365","83_96:68;83_82:68;83_84:68","true"
"84","293.99456197986984","421.74853934046484","0.013671875","0.01318359375","0.01416015625","2600","0.00016060043763081662","0.00016060043763081662","0","0.00016060043763081662","0.00016060043763081662","84_83:0.0022184219862519394;84_85:0.005510018130034489","84_83:0.003100510240854365;84_85:0.007595820124960712","84_83:68;84_85:68","true"
"85","299.7987583796034","325.77141922392974","0.00439453125","0.00537109375","0.00341796875","2600","0.0000976110257353372","0.0000976110257353372","0","0.0000976110257353372","0.0000976110257353372","85_77:0.005071784689435033;85_86:0.013368440244093727;85_84:0.005510018130034489","85_77:0.0033119464195756065;85_86:1;85_84:0.007595820124960712","85_77:68;85_86:68;85_84:68","true"
"86","199.76322615683324","198.64887992602314","0.007080078125","0.00830078125","0.005859375","2600","0.0003744709376727776","0.0003744709376727776","0","0.0003744709376727776","0.0003744709376727776","86_85:0.013368440244093727;86_87:0.01257269499425967","86_85:1;86_87:1","86_85:68;86_87:168","true"
"87","139.65525306598303","190.45422639300497","0.005615234375","0.0078125","0.00341796875","2600","0.00013017093793404882","0.00013017093793404882","0","0.00013017093793404882","0.00013017093793404882","87_86:0.01257269499425967;87_88:0.009402083690466634;87_97:0.011486471185758018","87_86:1;87_88:1;87_97:0.0036330238981285568","87_86:168;87_88:108;87_97:84","true"
"88","337.63812592374205","373.0967987747965","0.0068359375","0.00830078125","0.00537109375","2600","0.00011923288535223002","0.00011923288535223002","0","0.00011923288535223002","0.00011923288535223002","88_87:0.009402083690466634;88_89:0.0010076000713971633","88_87:1;88_89:0.0014369007887353458","88_87:108;88_89:68","true"
"89","261.6877355963551","316.2645496726099","0.00439453125","0.0068359375","0.001953125","2600","0.0006676832012421231","0.0006676832012421231","0","0.0006676832012421231","0.0006676832012421231","89_90:0.0019214973661421109;89_88:0.0010076000713971633;89_78:0.0018388401129904586","89_90:0.0021184119876146434;89_88:0.0014369007887353458;89_78:0.0023463370746070744","89_90:68;89_88:68;89_78:68","true"
"90","322.9908520443128","126.90860997150737","0.003662109375","0.00732421875","0","2600","0.00016306499369215895","0.00016306499369215895","0","0.00016306499369215895","0.00016306499369215895","90_89:0.0019214973661421109;90_91:0.003045797542497064","90_89:0.0021184119876146434;90_91:0.002523635836789856","90_89:68;90_91:68","true"
"91","203.0525755196547","238.31936884493626","0.00732421875","0.0078125","0.0068359375","2600","0.00016381406236432047","0.00016381406236432047","0","0.00016381406236432047","0.00016381406236432047","91_98:0.002916933674313116;91_90:0.003045797542497064;91_92:0.010926356631067058","91_98:0.0030612370956433488;91_90:0.002523635836789856;91_92:1","91_98:68;91_90:68;91_92:68","true"
"92","375.73000470776617","545.8930273442652","0.038818359375","0.041015625","0.03662109375","2600","0.00013046268141752774","0.00013046268141752774","0","0.00013046268141752774","0.00013046268141752774","92_91:0.010926356631067058;92_93:0.0014526667784155456","92_91:1;92_93:0.002266742779436448","92_91:68;92_93:68","true"
"93","216.19372416306123","312.32776091765584","0.003662109375","0.00537109375","0.001953125","2600","0.00014401294317084563","0.00014401294317084563","0","0.00014401294317084563","0.00014401294317084563","93_94:0.0023834328451576847;93_79:0.0018675372147778924;93_92:0.0014526667784155456","93_94:0.001841639263467476;93_79:0.0033881216934050773;93_92:0.002266742779436448","93_94:68;93_79:68;93_92:68","true"
"94","166.3602269755565","164.06070252250979","0.01953125","0.01513671875","0.02392578125","2600","0.0002977427012011031","0.0002977427012011031","0","0.0002977427012011031","0.0002977427012011031","94_93:0.0023834328451576847;94_95:0.0016087098411345369","94_93:0.001841639263467476;94_95:0.002713607753040359","94_93:68;94_95:68","true"
"95","301.90026244996153","338.66410453552805","0.003662109375","0.00537109375","0.001953125","2600","0.00014005325457447715","0.00014005325457447715","0","0.00014005325457447715","0.00014005325457447715","95_99:0.0012262213365190622;95_94:0.0016087098411345369","95_99:1;95_94:0.002713607753040359","95_99:68;95_94:68","true"
"96","167.0077715041173","37.901756008415845","0.0068359375","0.01171875","0.001953125","2600","0.00020624720801582988","0.00020624720801582988","0","0.00020624720801582988","0.00020624720801582988","96_83:0.0029255312266350253;96_103:0.00331978516242315","96_83:1;96_103:0.0038344443659214245","96_83:68;96_103:68","true"
"97","136.5300857387504","270.3431621923058","0.00634765625","0.0107421875","0.001953125","2600","0.0001492873248665122","0.0001492873248665122","0","0.0001492873248665122","0.0001492873248665122","97_87:0.011486471185758018;97_107:0.0021733615358449088","97_87:0.0036330238981285568;97_107:0.0022307023614793198","97_87:84;97_107:68","true"
"98","337.42011813242243","425.75461488708373","0.003173828125","0.00537109375","0.0009765625","2600","0.00009633957485701698","0.00009633957485701698","0","0.00009633957485701698","0.00009633957485701698","98_91:0.002916933674313116;98_111:0.004242780264328838","98_91:0.0030612370956433488;98_111:0.003055786974657304","98_91:68;98_111:68","true"
"99","229.03354943165104","114.75787169680369","0.003662109375","0.005859375","0.00146484375","2600","0.00014147849732835813","0.00014147849732835813","0","0.00014147849732835813","0.00014147849732835813","99_115:0.002128879608010281;99_95:0.0012262213365190622","99_115:0.0020149141428112693;99_95:1","99_115:68;99_95:68","true"
"100","123.71879810753772","59.34419857641028","0.00244140625","0.0048828125","0","2600","0.00011504652725448963","0.00011504652725448963","0","0.00011504652725448963","0.00011504652725448963","100_101:0.001706919121673589","100_101:0.0015482646200093986","100_101:68","true"
"101","191.26270917877278","218.54740731364245","0.009033203125","0.01611328125","0.001953125","2600","0.00020613900277156467","0.00020613900277156467","0","0.00020613900277156467","0.00020613900277156467","101_100:0.001706919121673589;101_116:0.0020021767101353616;101_102:0.002036327509788438","101_100:0.0015482646200093986;101_116:1;101_102:0.0022391310952545873","101_100:68;101_116:68;101_102:68","true"
"102","151.42861169904225","262.5835518742574","0.001220703125","0.001953125","0.00048828125","2600","0.00015467612375540024","0.00015467612375540024","0","0.00015467612375540024","0.00015467612375540024","102_101:0.002036327509788438;102_103:0.002096504947973976","102_101:0.0022391310952545873;102_103:0.0034724537613599338","102_101:68;102_103:68","true"
"103","202.0849043966676","258.68752679080194","0.0068359375","0.01123046875","0.00244140625","2600","0.000198517213292935","0.000198517213292935","0","0.000198517213292935","0.000198517213292935","103_104:0.0035515789034918366;103_96:0.00331978516242315;103_102:0.002096504947973976","103_104:0.0018051855111641257;103_96:0.0038344443659214245;103_102:0.0034724537613599338","103_104:68;103_96:68;103_102:68","true"
"104","272.52054558667436","427.02144173686446","0.005615234375","0.0078125","0.00341796875","2600","0.00014198040599369447","0.00014198040599369447","0","0.00014198040599369447","0.00014198040599369447","104_103:0.0035515789034918366;104_105:0.0023520378489182425","104_103:0.0018051855111641257;104_105:0.002461087889455371","104_103:68;104_105:68","true"
"105","218.11748874144092","152.19806069647467","0.00439453125","0.0078125","0.0009765625","2600","0.00012860380037156498","0.00012860380037156498","0","0.00012860380037156498","0.00012860380037156498","105_104:0.0023520378489182425;105_106:0.0028782286557416104;105_117:0.002461600435955613","105_104:0.002461087889455371;105_106:1;105_117:0.0037243845704750256","105_104:68;105_106:68;105_117:68","true"
"106","203.79888667803283","213.0594226919958","0.010498046875","0.0205078125","0.00048828125","2600","0.0004244843732561867","0.0004244843732561867","0","0.0004244843732561867","0.0004244843732561867","106_107:0.004414684766635091;106_105:0.0028782286557416104","106_107:0.003369480965618482;106_105:1","106_107:68;106_105:68","true"
"107","151.25753542474405","80.18987291963063","0.00927734375","0.01708984375","0.00146484375","2600","0.0001297856023073331","0.0001297856023073331","0","0.0001297856023073331","0.0001297856023073331","107_106:0.004414684766635091;107_108:0.0029641902648762652;107_97:0.0021733615358449088","107_106:0.003369480965618482;107_108:0.0030347341873985245;107_97:0.0022307023614793198","107_106:68;107_108:68;107_97:68","true"
"108","119.09512560327045","23.634996793822147","0.009765625","0.01171875","0.0078125","2600","0.00013079941863066759","0.00013079941863066759","0","0.00013079941863066759","0.00013079941863066759","108_107:0.0029641902648762652;108_109:0.001999016820767918","108_107:0.0030347341873985245;108_109:0.003709427944806859","108_107:68;108_109:68","true"
"109","331.0436648855507","136.30950757037226","0.002197265625","0.00390625","0.00048828125","2600","0.00011423603150932843","0.00011423603150932843","0","0.00011423603150932843","0.00011423603150932843","109_108:0.001999016820767918;109_110:0.04814829848814789;109_118:0.0019174801962456023","109_108:0.003709427944806859;109_110:1;109_118:0.002273293245409841","109_108:68;109_110:68;109_118:68","true"
"110","219.38542471019403","260.9864454581986","0.01416015625","0.02294921875","0.00537109375","2600","0.007113501028887177","0.007113501028887177","0","0.007113501028887177","0.007113501028887177","110_109:0.04814829848814789;110_111:0.039877942482472395","110_109:1;110_111:0.025983806200263526","110_109:68;110_111:68","true"
"111","190.99311863298823","71.88532626240377","0.0048828125","0.00927734375","0.00048828125","2600","0.00020929803630476878","0.00020929803630476878","0","0.00020929803630476878","0.00020929803630476878","111_112:0.0059076659847467905;111_110:0.039877942482472395;111_98:0.004242780264328838","111_112:0.0045734501632796465;111_110:0.025983806200263526;111_98:0.003055786974657304","111_112:68;111_110:68;111_98:68","true"
"112","132.81253698459804","169.76017027834664","0.010498046875","0.01318359375","0.0078125","2600","0.00018749430425882066","0.00018749430425882066","0","0.00018749430425882066","0.00018749430425882066","112_111:0.0059076659847467905;112_113:0.0018643733099448223","112_111:0.0045734501632796465;112_113:0.0020641511561520776","112_111:68;112_113:68","true"
"113","239.80691742796608","345.6745873597889","0.00390625","0.0068359375","0.0009765625","2600","0.00013087098383998268","0.00013087098383998268","0","0.00013087098383998268","0.00013087098383998268","113_119:0.006677439509723215;113_112:0.0018643733099448223;113_114:0.024880200604226355","113_119:1;113_112:0.0020641511561520776;113_114:0.030928932484614202","113_119:68;113_112:68;113_114:68","true"
"114","49.251662518032646","14.902022827326311","0.02587890625","0.03759765625","0.01416015625","2600","0.00547794778564537","0.00547794778564537","0","0.00547794778564537","0.00547794778564537","114_115:0.021501210143308136;114_113:0.024880200604226355","114_115:1;114_113:0.030928932484614202","114_115:68;114_113:68","true"
"115","167.04336621453228","200.91827269284178","0.0068359375","0.01025390625","0.00341796875","2600","0.00017666478001844284","0.00017666478001844284","0","0.00017666478001844284","0.00017666478001844284","115_99:0.002128879608010281;115_114:0.021501210143308136","115_99:0.0020149141428112693;115_114:1","115_99:68;115_114:68","true"
"116","113.30233245023312","47.56854555001299","0.009765625","0.01513671875","0.00439453125","2600","0.00018928284742455325","0.00018928284742455325","0","0.00018928284742455325","0.00018928284742455325","116_101:0.0020021767101353616;116_121:0.0025932258863498037","116_101:1;116_121:0.0038344767905445776","116_101:68;116_121:68","true"
"117","155.67022770318735","274.14113858032687","0.00439453125","0.0078125","0.0009765625","2600","0.0002017095597832237","0.0002017095597832237","0","0.0002017095597832237","0.0002017095597832237","117_105:0.002461600435955613;117_125:0.0022946356880178542","117_105:0.0037243845704750256;117_125:0.002091687006360754","117_105:68;117_125:68","true"
"118","317.670174841019","175.86505578278462","0.0087890625","0.0087890625","0.0087890625","2600","0.00011033519648890859","0.00011033519648890859","0","0.00011033519648890859","0.00011033519648890859","118_109:0.0019174801962456023;118_129:0.0017313831053902273","118_109:0.002273293245409841;118_129:0.003011788235795093","118_109:68;118_129:68","true"
"119","222.5440247926172","14.650524896330255","0.030517578125","0.04638671875","0.0146484375","2600","0.0010469265698917019","0.0010469265698917019","0","0.0010469265698917019","0.0010469265698917019","119_113:0.006677439509723215;119_133:0.008974083774773434","119_113:1;119_133:0.010835916492989955","119_113:68;119_133:68","true"
"120","263.48230688385513","164.66587839617625","0.009765625","0.017578125","0.001953125","2600","0.00013979047424401942","0.00013979047424401942","0","0.00013979047424401942","0.00013979047424401942","120_121:0.0015573560979975087","120_121:0.0017236119623271207","120_121:68","true"
"121","168.66202178665156","117.6739669929832","0.004150390625","0.00830078125","0","2600","0.00015271837555498922","0.00015271837555498922","0","0.00015271837555498922","0.00015271837555498922","121_120:0.0015573560979975087;121_122:0.0026468667012718994;121_116:0.0025932258863498037","121_120:0.0017236119623271207;121_122:1;121_116:0.0038344767905445776","121_120:68;121_122:68;121_116:68","true"
"122","226.34630490682986","302.26510177802277","0.03125","0.06005859375","0.00244140625","2600","0.0002119769846127885","0.0002119769846127885","0","0.0002119769846127885","0.0002119769846127885","122_121:0.0026468667012718994;122_123:0.015392456478065308","122_121:1;122_123:0.0066144457840529025","122_121:68;122_123:68","true"
"123","237.47824387753295","82.11707290504664","0.00830078125","0.01123046875","0.00537109375","2600","0.00010756780700918839","0.00010756780700918839","0","0.00010756780700918839","0.00010756780700918839","123_136:0.0018479797246199747;123_124:0.002529030637124452;123_122:0.015392456478065308","123_136:0.0027100591238094496;123_124:1;123_122:0.0066144457840529025","123_136:68;123_124:68;123_122:68","true"
"124","298.57107908640137","343.05157989687376","0.076416015625","0.14501953125","0.0078125","2600","0.00019426028697369627","0.00019426028697369627","0","0.00019426028697369627","0.00019426028697369627","124_123:0.002529030637124452;124_125:0.0018015616835993509","124_123:1;124_125:0.0023775473010309023","124_123:68;124_125:68","true"
"125","195.09089194241741","205.85999296940946","0.1875","0.00537109375","0.36962890625","2600","0.00014043381958739115","0.00014043381958739115","0","0.00014043381958739115","0.00014043381958739115","125_117:0.0022946356880178542;125_124:0.0018015616835993509;125_126:1","125_117:0.002091687006360754;125_124:0.0023775473010309023;125_126:0.045288980953588714","125_117:68;125_124:68;125_126:68","true"
"126","264.8353066245943","299.82051919635757","0.5","0","1","2600","0.00014838334811619115","0.00014838334811619115","0","0.00014838334811619115","0.00014838334811619115","126_127:1;126_125:1","126_127:1;126_125:0.045288980953588714","126_127:68;126_125:68","true"
"127","237.32748348155607","73.10820389839688","0.010009765625","0.01416015625","0.005859375","2600","0.0001630897422441734","0.0001630897422441734","0","0.0001630897422441734","0.0001630897422441734","127_126:1;127_128:0.002758419032346471;127_137:1","127_126:1;127_128:1;127_137:0.07404269777528974","127_126:68;127_128:68;127_137:128","true"
"128","262.6212087071955","359.34882147157674","0.055419921875","0.0341796875","0.07666015625","2600","0.00010806647520466002","0.00010806647520466002","0","0.00010806647520466002","0.00010806647520466002","128_127:0.002758419032346471;128_129:0.0014598290058042696","128_127:1;128_129:0.002192607112293077","128_127:68;128_129:68","true"
"129","289.51999823729324","141.45055353948362","0.00634765625","0.009765625","0.0029296875","2600","0.00016881230057431824","0.00016881230057431824","0","0.00016881230057431824","0.00016881230057431824","129_130:0.002120672262867218;129_128:0.0014598290058042696;129_118:0.0017313831053902273","129_130:0.0018335281936032455;129_128:0.002192607112293077;129_118:0.003011788235795093","129_130:68;129_128:68;129_118:68","true"
"130","245.98153828327384","340.05105740315815","0.230712890625","0.02783203125","0.43359375","2600","1","1","0","1","1","130_129:0.002120672262867218;130_131:0.001495867846097565","130_129:0.0018335281936032455;130_131:0.0020737608219888737","130_129:68;130_131:68","true"
"131","402.00884664730637","526.1506136955234","0.0078125","0.01123046875","0.00439453125","2600","0.00011393965794446275","0.00011393965794446275","0","0.00011393965794446275","0.00011393965794446275","131_138:0.006425790880392135;131_130:0.001495867846097565;131_132:0.002216809146951937","131_138:1;131_130:0.0020737608219888737;131_132:0.0037164902599947924","131_138:68;131_130:68;131_132:68","true"
"132","235.1442914122416","174.33937248210577","0.043212890625","0.0859375","0.00048828125","2600","0.0001387092102447674","0.0001387092102447674","0","0.0001387092102447674","0.0001387092102447674","132_133:0.0022281378794182793;132_131:0.002216809146951937","132_133:0.0019265291925696648;132_131:0.0037164902599947924","132_133:68;132_131:68","true"
"133","180.59967867560016","282.8424113449387","0.00537109375","0.01025390625","0.00048828125","2600","0.00020044049493362983","0.00020044049493362983","0","0.00020044049493362983","0.00020044049493362983","133_132:0.0022281378794182793;133_134:0.0035290188670604183;133_119:0.008974083774773434","133_132:0.0019265291925696648;133_134:0.0037119471160314;133_119:0.010835916492989955","133_132:68;133_134:68;133_119:68","true"
"134","293.1175782183226","50.0000220078557","0.00634765625","0.00927734375","0.00341796875","2600","0.0001149236602206146","0.0001149236602206146","0","0.0001149236602206146","0.0001149236602206146","134_133:0.0035290188670604183;134_135:1","134_133:0.0037119471160314;134_135:1","134_133:68;134_135:84","true"
"135","","","0.4931640625","0.447265625","0.5390625","2600","1","1","0","1","1","135_134:1;135_139:1","135_134:1;135_139:1","135_134:84;135_139:84","true"
"136","237.26416703023935","211.64625746237974","0.003173828125","0.0048828125","0.00146484375","2600","0.00011738167401077545","0.00011738167401077545","0","0.00011738167401077545","0.00011738167401077545","136_123:0.0018479797246199747;136_143:0.0020624899510354178","136_123:0.0027100591238094496;136_143:0.001958967519943705","136_123:68;136_143:68","true"
"137","98.00374293492811","158.88376018323058","0.009765625","0.0166015625","0.0029296875","2600","0.00019936844854908262","0.00019936844854908262","0","0.00019936844854908262","0.00019936844854908262","137_147:0.0025428999450182177;137_127:1","137_147:0.0024883024638349127;137_127:0.07404269777528974","137_147:68;137_127:128","true"
"138","177.17409372479278","26.797821679107763","0.01611328125","0.03173828125","0.00048828125","2600","0.000818441693541355","0.000818441693541355","0","0.000818441693541355","0.000818441693541355","138_151:0.005512467339759741;138_131:0.006425790880392135","138_151:0.0030260914026479235;138_131:1","138_151:68;138_131:68","true"
"139","267.75211793238265","240.5205586412991","0.017333984375","0.01123046875","0.0234375","2600","0.00010591123441323254","0.00010591123441323254","0","0.00010591123441323254","0.00010591123441323254","139_155:0.0012757980733421048;139_135:1","139_155:0.0021503889221385075;139_135:1","139_155:68;139_135:84","true"
"140","148.172319524787","165.46257144646032","0.04443359375","0.0869140625","0.001953125","2600","0.0007493869263383754","0.0007493869263383754","0","0.0007493869263383754","0.0007493869263383754","140_141:0.007446241565157274","140_141:1","140_141:68","true"
"141","212.92624834761835","254.07823854154125","0.046142578125","0.02880859375","0.0634765625","2600","0.0001407194469004823","0.0001407194469004823","0","0.0001407194469004823","0.0001407194469004823","141_140:0.007446241565157274;141_142:0.0020852725569313058","141_140:1;141_142:0.0020019937991973824","141_140:68;141_142:68","true"
"142","191.77963186319872","237.20798557431536","0.009521484375","0.01220703125","0.0068359375","2600","0.00027637275594850913","0.00027637275594850913","0","0.00027637275594850913","0.00027637275594850913","142_143:0.0024029774119343483;142_141:0.0020852725569313058","142_143:0.0030936257419628965;142_141:0.0020019937991973824","142_143:68;142_141:68","true"
"143","303.20215987505856","67.58463997841069","0.0068359375","0.00830078125","0.00537109375","2600","0.00008460223590713687","0.00008460223590713687","0","0.00008460223590713687","0.00008460223590713687","143_142:0.0024029774119343483;143_144:0.0014585157069659238;143_136:0.0020624899510354178","143_142:0.0030936257419628965;143_144:0.0020135244316304424;143_136:0.001958967519943705","143_142:68;143_144:68;143_136:68","true"
"144","253.77355382422405","211.5274023729631","0.039306640625","0.0751953125","0.00341796875","2600","0.0001401247189148086","0.0001401247189148086","0","0.0001401247189148086","0.0001401247189148086","144_145:0.001883245610031059;144_143:0.0014585157069659238","144_145:1;144_143:0.0020135244316304424","144_145:68;144_143:68","true"
"145","241.8308052187892","211.50946625248855","0.0341796875","0.033203125","0.03515625","2600","0.00011384547544123504","0.00011384547544123504","0","0.00011384547544123504","0.00011384547544123504","145_144:0.001883245610031059;145_146:0.0016465177062099379","145_144:1;145_146:0.0022680558435079767","145_144:68;145_146:68","true"
"146","214.97170040650684","212.81309332561125","0.087890625","0.04638671875","0.12939453125","2600","0.00015472476047855168","0.00015472476047855168","0","0.00015472476047855168","0.00015472476047855168","146_145:0.0016465177062099379;146_147:0.00214594860587769","146_145:0.0022680558435079767;146_147:1","146_145:68;146_147:68","true"
"147","214.23255759759238","169.02825644751428","0.007080078125","0.01220703125","0.001953125","2600","0.0001449866451869186","0.0001449866451869186","0","0.0001449866451869186","0.0001449866451869186","147_148:0.001998399036303611;147_137:0.0025428999450182177;147_146:0.00214594860587769","147_148:0.0015108097470658832;147_137:0.0024883024638349127;147_146:1","147_148:68;147_137:68;147_146:68","true"
"148","219.95740235673617","221.3948610030326","0.135009765625","0.08837890625","0.181640625","2600","0.00019675230076704545","0.00019675230076704545","0","0.00019675230076704545","0.00019675230076704545","148_147:0.001998399036303611;148_149:0.002013589757306644","148_147:0.0015108097470658832;148_149:1","148_147:68;148_149:68","true"
"149","220.20582763716507","225.0187187709598","0.02001953125","0.0380859375","0.001953125","2600","0.00028037327256874876","0.00028037327256874876","0","0.00028037327256874876","0.00028037327256874876","149_150:0.004046683034786336;149_148:0.002013589757306644","149_150:0.00480961290072382;149_148:1","149_150:68;149_148:68","true"
"150","226.12087351190615","184.53243838038068","0.0634765625","0.0517578125","0.0751953125","2600","0.00023924337310509444","0.00023924337310509444","0","0.00023924337310509444","0.00023924337310509444","150_149:0.004046683034786336;150_151:0.003212987251343946","150_149:0.00480961290072382;150_151:0.004643184018298135","150_149:68;150_151:68","true"
"151","185.564566973207","261.85078921322787","0.00537109375","0.0078125","0.0029296875","2600","0.0002423595416362202","0.0002423595416362202","0","0.0002423595416362202","0.0002423595416362202","151_138:0.005512467339759741;151_152:0.0027746089518357886;151_150:0.003212987251343946","151_138:0.0030260914026479235;151_152:0.003485530768165712;151_150:0.004643184018298135","151_138:68;151_152:68;151_150:68","true"
"152","195.07438180272018","55.75772398034271","0.021484375","0.02294921875","0.02001953125","2600","0.00022493149571565255","0.00022493149571565255","0","0.00022493149571565255","0.00022493149571565255","152_151:0.0027746089518357886;152_153:0.0019058405640943188","152_151:0.003485530768165712;152_153:0.0063759924143836355","152_151:68;152_153:68","true"
"153","264.06218910085147","201.60759154590244","0.003173828125","0.00634765625","0","2600","0.00011110364189872013","0.00011110364189872013","0","0.00011110364189872013","0.00011110364189872013","153_152:0.0019058405640943188;153_154:0.002375089043943124","153_152:0.0063759924143836355;153_154:1","153_152:68;153_154:68","true"
"154","232.32501567743694","102.40109461381435","0.005859375","0.01025390625","0.00146484375","2600","0.00018032676198561688","0.00018032676198561688","0","0.00018032676198561688","0.00018032676198561688","154_153:0.002375089043943124;154_155:0.0023443276914829614","154_153:1;154_155:0.002979564955942593","154_153:68;154_155:68","true"
"155","228.04816298219166","302.04888919003616","0.06689453125","0.09765625","0.0361328125","2600","0.0002425347977098587","0.0002425347977098587","0","0.0002425347977098587","0.0002425347977098587","155_139:0.0012757980733421048;155_154:0.0023443276914829614","155_139:0.0021503889221385075;155_154:0.002979564955942593","155_139:68;155_154:68","true"